blocknumber,reserve_0x6B175474E89094C44Da98b954EedeAC495271d0F,reserve_0xA0b86991c6218b36c1d19D4a2e9Eb0cE3606eB48,reserve_0xdAC17F958D2ee523a2206206994597C13D831ec7
10809473,0,0,0
10810138,1000000000000000000,1000000,1000000
10810153,1010000000000000000,1009995,1000000
10810155,1010000000000000000,1019995,1009995
10810160,1011010000000000000,1020995,1010985
10810164,1021010000000000000,1020995,1010985
10810170,1023996482439733992,1020995,1010985
10810174,1033996482439733992,1030995,1020985
10810226,1043996482439733992,1040990,1020985
10810226,1043996482439733992,1040990,1020985
10817166,2043996482439733992,2040990,2020985
10817166,2043996482439733992,2040990,2020985
10817166,2043996482439733992,2040990,2020985
10817166,2043996482439733992,2040990,2020985
10817166,2043996482439733992,2040990,2020985
10817166,2043996482439733992,2040990,2020985
10817166,2043996482439733992,2040990,2020985
10817166,2043996482439733992,2040990,2020985
10817166,2043996482439733992,2040990,2020985
10856149,2143996482439733992,2140990,2120985
10856149,2143996482439733992,2140990,2120985
10859793,2243996482439733992,2240990,2220985
10859793,2243996482439733992,2240990,2220985
10867243,9602243996482439733992,32002240990,36002220985
10867462,9602243996482439733992,32002240990,42394090518
10867750,12914073996482439733992,32002240990,42394090518
10867977,16224229358994119177766,32002240990,42394090518
10868156,18815961731543138785609,32002240990,45059402101
10868462,27647867533424960447592,51302270990,45059402101
10868468,29665596529896017691510,51302270990,47101539752
10868528,34572284901197145355414,57445270990,47101539752
10868531,41460375539014520515989,57445270990,54092668031
10868622,41460375539014520515989,58125399285,54771930801
10868641,41460375539014520515989,58813641380,55458746071
10868720,41460375539014520515989,80590408854,55458746071
10868721,41460375539014520515989,93217939698,68046564011
10868722,44283264954838359903174,93217939698,70945756579
10868940,44283264954838359903174,99262063408,76990033220
10869044,134085072043917046353226,130644233408,162752573220
10869046,200534385148887359279314,197704802443,162752573220
10869049,203828030707710888691079,197704802443,166135413728
10869053,209886349021436378887157,203898912771,166135413728
10869196,209886349021436378887157,215153445837,177398696994
10869233,219976769021436378887157,242330775837,205592886994
10869434,223036369021436378887157,250571455837,214692886994
10869434,223036369021436378887157,250571455837,214692886994
10869491,223036369021436378887157,250937965837,214692886994
10869517,223036369021436378887157,250937965837,239692886994
10869564,223036369021436378887157,259836074982,248604285448
10869599,225038001181500900883110,259836074982,250649054712
10869619,225038001181500900883110,268424573415,259240934154
10869698,225038001181500900883110,284144273415,259240934154
10869786,228492233465814626373306,287670140342,259240934154
10870008,231267778632481293039973,290497480457,259240934154
10870086,231267778632481293039973,297364599333,266112059550
10870278,231267778632481293039973,298226277116,266974583789
10870446,231267778632481293039973,309382408526,278148687638
10870473,231267778632481293039973,316803338822,285577082508
10870641,233958153435877906730609,316803338822,288321007003
10870782,233958153435877906730609,317398778862,288916886773
10871060,240594413926756096621543,324146468396,288916886773
10871384,251733138701265900543112,324146468396,300209877521
10871628,251883138701265900543112,324156618396,300209877521
10872633,252538434505187469170563,324156618396,300872661397
10872854,252538434505187469170563,333256618396,300872661397
10872943,255757434505187469170563,333256618396,300872661397
10873025,255757434505187469170563,333256618396,350868661397
10873476,255757434505187469170563,343304019154,360933481505
10873490,255757434505187469170563,354782434248,372420322436
10873509,256495652152865577814203,355530399120,372420322436
10873661,257481784151840678195683,356530399120,372420322436
10873751,257481784151840678195683,356530399120,578087210378
10873752,257481784151840678195683,458445421168,678186245830
10873753,301459673344096791167018,458445421168,722641733307
10873771,304016450378186091257051,458445421168,725253295325
10873830,304016450378186091257051,468570741168,725253295325
10873962,304016450378186091257051,485219050468,741925581355
10874216,309338104655413814029328,485219050468,747339216812
10874246,309338104655413814029328,485219050468,748339216812
10874307,309338104655413814029328,516721050468,748339216812
10874333,317689141110702088407929,525212233195,748339216812
10874373,317689141110702088407929,525212233195,748501065494
10874414,332689141110702088407929,543469173195,748501065494
10874414,332689141110702088407929,543469173195,748501065494
10874520,332689141110702088407929,543469173195,797693985493
10874570,332689141110702088407929,543469173195,849689985493
10874573,344918997629613412634321,543469173195,862114355199
10874701,349465487629613412634321,572567060068,928399894949
10874779,349823517629613412634321,572567060068,928399894949
10874816,392592395617558011632012,572567060068,928399894949
10874818,427924402698283255702216,608278624122,928399894949
10874827,862915441226358150773405,708278624122,1344099194949
10874828,901875264058115433077569,747696255592,1344099194949
10874848,901875264058115433077569,748739857387,1345143376812
10874879,902073484058115433077569,748739857387,1345237116812
10874962,903724413634055731267849,750412016456,1345237116812
10874971,903724413634055731267849,763904680742,1358740349467
10874975,976769133634055731267849,1069182700742,1554555019467
10874994,989946424301071228815028,1082558594480,1554555019467
10875016,1035990434301071228815028,1126121070401,1611352619467
10875048,1035990434301071228815028,1126133235858,1611352619467
10875094,1035990434301071228815028,1144306572512,1632979469467
10875227,1048541894301071228815028,1174360812512,1661927129467
10875229,1165051783859395109931363,1174360812512,1661927129467
10875232,1274451712206729321719625,1174360812512,1772578275140
10875234,1381018647258660334689530,1439836122512,2020617755140
10875293,1381018647258660334689530,1439836122512,2045171355139
10875325,1414516227258660334689530,1439836122512,2045171355139
10875402,1420019124133082724492221,1439836122512,2045171355139
10875445,1435019124133082724492221,1501378982512,2045171355139
10875488,1435019124133082724492221,1512186117732,2055984889474
10875543,1474163209547105705596565,1512186117732,2277955829474
10875560,1504163209547105705596565,1512186117732,2277955829474
10875562,1548090326220740654940287,1556664757134,2277955829474
10875575,1548137336220740654940287,1556722147134,2277955829474
10875600,1554218946220740654940287,1556722147134,2287455749474
10875629,1554218946220740654940287,1588679703052,2287455749474
10875679,1556525090257878044774218,1588679703052,2289797050360
10875710,1556525090257878044774218,1599733443877,2300859504101
10875735,1556525090257878044774218,1607637483877,2300859504101
10875751,1560732090257878044474218,1613161483877,2306680074101
10875769,1560732090257878044474218,1624636694365,2318162006576
10875815,1560732090257878044474218,1630473462751,2318162006576
10875824,1560732090257878044474218,1636619150896,2324310360294
10875895,1560732090257878044474218,1636619150896,2398838210294
10875919,1567515934599964218544102,1643496305599,2398838210294
10875967,1567515934599964218544102,1698503092288,2398838210294
10875979,1569008934599964218544102,1698503092288,2398838210294
10876005,1622896970595700033356634,1698503092288,2398838210294
10876052,1702802480595700033356634,2011589702288,2599245818649
10876100,1710190440595700032356634,2028485230486,2616095818649
10876107,1793225870595700032356634,2354443130486,2825097288649
10876130,3293225870595700032356634,2354443130486,2825097288649
10876131,4302568517005877802074253,2354443130486,3838853660832
10876132,4527967952486019539542186,2582193755584,3838853660832
10876134,4527967952486019539542186,2743231938826,4000149039588
10876180,4559462702486019539542186,2814816998826,4082308409588
10876184,4559462702486019539542186,2877166948826,4082308409588
10876189,4791277681170255527205427,3522253418826,4137533108292
10876191,4791277681170255527205427,3621970120705,4237242330681
10876193,4791277681170255527205427,3621970120705,4247242330681
10876198,4791277681170255527205427,3695983279215,4268742880681
10876199,5403525719463988781885250,3745982588155,4471431675100
10876201,5499299380195767920447743,3745982588155,4568378467561
10876207,6039873056151675236897367,3745982588155,4771029186403
10876209,6125885123362912489183958,3833023075045,4771029186403
10876225,8431224906611561509455910,4845374776617,4771029186403
10876227,8431224906611561509455910,5171126127887,5096585278620
10876228,8493445733069216299609263,5171126127887,5159591173170
10876236,8504126563069216299609263,5240554573286,5253474848757
10876254,8704126563069216299609263,6137396699320,6756325850653
10876263,8704126563069216299609263,6199213809320,6756325850653
10876271,8840068631926967467177075,6358441054643,6756325850653
10876272,8905468091570313000049179,6358441054643,6822553194905
10876293,8905468091570313000049179,6369717700386,6822553194905
10876301,8905468091570313000049179,6387641168281,7222553194904
10876308,8905468091570313000049179,6387641168281,7422910851736
10876313,8905468091570313000049179,6390932668281,7424109619340
10876345,8906655020042923521981365,6392735478139,7425752519340
10876346,8906655020042923521981365,6392735478139,7430852519340
10876350,9018626867743672859959298,6469900295831,7515419219340
10876364,9018626867743672859959298,6469900295831,7518419219340
10876391,9018626867743672859959298,6666779495715,7518419219340
10876395,9026513858948638443263817,6674779415714,7518419219340
10876404,9027018184918677094392644,6675101665714,7518419219340
10876426,9027018184918677094392644,7225101665714,7518419219340
10876427,9112463343036809095718736,7311805654787,7518419219340
10876452,9112573633036809095718736,7311917604787,7518528929340
10876471,9112573633036809095718736,7350922184787,7518529397308
10876478,9112573633036809095718736,7350922184787,7648529397308
10876487,9144423713036809095718736,7380485070020,7686809195731
10876501,9226024692751508450885632,7544588290020,7722012195731
10876503,9427606882751508450885632,8493951360020,8788270823118
10876504,9433383076076253046882304,8499819579357,8788270823118
10876507,9522349612709916413218938,8590144663386,8788270823118
10876511,9522349612709916413218938,8629996877920,8828137534395
10876537,9531446822709916413218938,8801343346214,8828971683247
10876541,9531446822709916413218938,8811135160141,8838765419607
10876542,9531446822709916413218938,8816807593686,8844439088613
10876545,9551446822709916413218938,8816807593686,8844439088613
10876559,9551446822709916413218938,8872917723686,8844439088613
10876576,9551446822709916413218938,8877567966838,8844439088613
10876580,9551446822709916413218938,9093581843234,9060551026995
10876583,9701446822709916413218938,9093581843234,9060551026995
10876584,9891234102226908867196423,9093581843234,9253279561187
10876637,9991234102226908867196423,9093581843234,9253279561187
10876646,9991234102226908867196423,9103619843234,9253279561187
10876672,10162149822226908867196423,9103619843234,9253279561187
10876675,10162149822226908867196423,9103619843234,9271860781187
10876677,10367548673895062785501041,9312049149381,9271860781187
10876682,10367548673895062785501041,9323045419381,9271860781187
10876709,10452551383895062785501041,10621755369381,10384453308044
10876710,10612800349630356903148100,10784948813267,10384453308044
10876750,10623048659630356903148100,10833228372056,10384453308044
10876759,11323139464959973247778212,10833228372056,10587952809279
10876767,14442514414959973247778212,18956637112056,19252095199279
10876825,14442514414959973247778212,18991846006302,19252095199279
10876872,14442514414959973247778212,19028269873249,19252095199279
10877202,17700093130418596315990176,20028269873249,19252095199279
10877203,18700719446345451988525287,21044712619303,19252095199279
10877219,18700719446345451988525287,21104717473167,19312095199279
10877221,18700719446345451988525287,21513404726832,19720858598698
10877225,18762818286345451988525287,22192946956831,20557777688697
10877237,18982646550080746106172346,22416721279027,20557777688697
10877242,18982646550080746106172346,22615766268839,20756969364020
10877245,19164392330080746106172346,24178485868839,22444976252873
10877255,19655829248175356633827369,24678610390309,22444976252873
10877270,21722249706924204981023213,24678610390309,22444976252873
10877271,22726405909393990901183266,25695063231985,22444976252873
10877281,23227234509371451852370559,25695063231985,22953527154321
10877318,25976616923761712990800171,25695063231985,23969658658746
10877320,26340517205581013799604065,26064341631274,23969658658746
10877364,26968466358610612408273144,26264341631274,23969658658746
10877385,26968466358610612408273144,26270777401274,23969658658746
10877389,26968466358610612408273144,28168758990915,25039658658745
10877390,26968466358610612408273144,28168758990915,25323850867356
10877412,26986466358610612408273144,28187050914023,25323850867356
10877434,26986466358610612408273144,28187050914023,25378045932772
10877519,27013930110718264626079962,28214957897883,25378045932772
10877522,27013930110718264626079962,28324857936501,25488012709035
10877603,27014628172797661129613648,28324857936501,25488722709035
10877660,27014628172797661129613648,28326422900917,25490288701428
10877668,27514628172797661129613648,32043049489962,28638068701427
10877672,27856232580111386619809726,32390581896111,28638068701427
10877747,28143401996121190541378353,32682341576510,28643648194285
10877780,28143828534315353849802588,32682775027510,28643648194285
10877810,28143828534315353849802588,33788775027510,28672648194285
10877829,28143828534315353849802588,34038740277510,28672648194285
10877861,28439303080599667575292784,34338918743447,28672648194285
10877905,28439303080599667575292784,34401975411562,28735747213303
10877950,28508703080599667575292784,34472428939152,28735747213303
10877968,28594850458248895446234540,34559858859243,28735747213303
10877971,28894533707260696702571965,34559858859243,29040366702014
10878113,28894533707260696702571965,34559858859243,29085640399240
10878129,28894533707260696702571965,34559858859243,30957193699240
10878140,29104736125466579055513141,34559858859243,31171048463944
10878159,29104736125466579055513141,35194892069243,31171048463944
10878165,29111604743231010227087145,35245808019243,31234723123944
10878200,29111994943231010227087145,35245808019243,31440085671980
10878326,29111994943231010227087145,35255798019243,31440085671980
10878379,29111994943231010227087145,35707274218873,31440085671980
10878418,29111994943231010227087145,35755265164752,31440085671980
10878494,29130224183991823361682771,35773801083474,31440085671980
10878654,29473377125158490028349438,36122480087769,31440085671980
10878951,29473377125158490028349438,38122480087769,31440085671980
10878963,29573377125158490028349438,38224157886597,31440085671980
10879070,29825455386384310588820444,38224157886597,31696718541834
10879240,30194082248350977813051393,38224157886597,32071621641665
10879275,30194082248350977813051393,38324157886597,32071621641665
10879356,31194082248350977813051393,38324157886597,50588254645787
10879358,31194082248350977813051393,39324157886597,51588977792839
10879359,31547557124772546440502373,39324157886597,51949012604783
10879369,31720244934743134675796491,39499772998647,51949012604783
10879383,31720244934743134675796491,39499772998647,52080795604783
10879418,31720244934743134675796491,40871270348647,52080795604783
10879418,31720244934743134675796491,40871270348647,52080795604783
10879561,33620244934743134675796491,41381669610949,52080795604783
10879562,33980948502723526832659236,41749275930886,52080795604783
10879564,34138780852488232715012177,41749275930886,52241609420716
10879576,34138780852488232715012177,41749275930886,53372312250425
10879618,34138780852488232715012177,41755002630886,53598021260425
10879718,34187821671146901891150014,41804953761318,53598021260425
10879800,34488937093088576754253051,41804953761318,53905015656340
10879843,34488937093088576754253051,42162417552237,54262817419064
10879857,34488937093088576754253051,42171340209103,54271749472153
10879861,34488937093088576754253051,42285639834494,54271749472153
10879905,34493689001801658737151793,42285639834494,54276593520235
10879953,34505211544546756776367479,42297378186152,54276593520235
10879965,34511711544546756776367479,42297378186152,54276593520235
10879980,34511711544546756776367479,42299093856152,54276593520235
10879983,34760253081465049098595203,42983566685245,55002525992179
10879987,35075253344564709307126816,43304276476194,55002525992179
10880026,35209353344564709307126816,43440702539424,55002525992179
10880032,35209353344564709307126816,43440702539424,55144779457905
10880044,35452241461329415189479757,43687664391581,55144779457905
10880052,35657124681143140679675835,43687664391581,55353132079059
10880059,36054474681143140679675835,44091059916059,55353132079059
10880093,36054474681143140679675835,44091059916059,57355232607537
10880094,36554474681143140679675835,44091059916059,57863253488689
10880117,37554474681143140679675835,44091059916059,58877332164763
10880121,37554474681143140679675835,44126948506059,58877332164763
10880163,37554474681143140679675835,44148917474568,58899332164763
10880170,38304474681143140679675835,44148917474568,59658404796388
10880195,38304474681143140679675835,44148917474568,60336843466388
10880233,38304474681143140679675835,44148917474568,60486843466388
10880247,38644028349255247509403075,44148917474568,60486843466388
10880256,38937628349255247509403075,44445720816641,60486843466388
10880294,38943747479915783860993539,44451909874414,60486843466388
10880352,38943747479915783860993539,44454909874414,60486843466388
10880397,38943747479915783860993539,44458909874414,60490846298266
10880431,38943747479915783860993539,44458909874414,61029775555703
10880448,38943747479915783860993539,44658867593234,61029775555703
10880455,38963311939855087234393556,44678660360630,61029775555703
10880504,38963311939855087234393556,44678660370630,61029775555703
10880556,38963311939855087234393556,44678660370630,61128375555703
10880617,38974620457846284749166106,44690101449728,61128375555703
10880766,38974620457846284749166106,44911966395633,61128375555703
10880767,39893856735574416957572042,49924961605633,63233431555703
10880915,39921004198547035346677280,49952440919746,63233431555703
10880919,39921004198547035346677280,49969604977092,63250610011565
10880943,39928507754956770575557613,49970245157092,63250610011565
10880964,39938415369130699958007903,49970245157092,63260650879970
10880973,39938415369130699958007903,49970245157092,63260945670960
10881012,39957360873219772360286748,49989421403530,63260945670960
10881074,39981042352638253922736029,49989421403530,63284945670960
10881145,40198851776502801608424345,49989421403530,63505738553812
10881214,40198851776502801608424345,50001909956734,63518238553812
10881315,40211179926237901517277662,50001909956734,63530738553812
10881402,40383476628084888079130554,50001909956734,63705470766526
10881463,40617246794013610488187379,50001909956734,63942648438307
10881545,40624164554013610488187379,50035983826734,63960017878307
10881573,40710938410093747026356934,50035983826734,64048087948307
10881622,40726355187562659065011965,50035983826734,64048087948307
10881633,40726355187562659065011965,50047149226734,64048087948307
10881657,40737555187562659065011965,50058501406699,64048087948307
10881723,40827324657591841088884223,50149571500372,64048087948307
10881756,40827324657591841088884223,50565531551084,64048087948307
10881793,40827324657591841088884223,50565702842827,64048259434538
10881821,40827324657591841088884223,51713760588202,64048259434538
10881849,40827324657591841088884223,51770054693734,64048259434538
10881895,40827324657591841088884223,51975949745559,64048259434538
10881897,40830284958537407567762948,51978950562439,64048259434538
10881916,41007513750656936263630044,52158640946516,64048259434538
10882031,41027214364232634444874476,52158640946516,64068259434538
10882037,41596514674281524953516255,52158640946516,64646614593173
10882135,41597022880298431340483066,52158640946516,64747942473173
10882151,41615088665167334253979896,52158640946516,64766309780484
10882161,41615088665167334253979896,52235407673707,64766309780484
10882186,41628316401499046476063917,52248827990051,64766309780484
10882229,41693123101121609490001499,52248827990051,64766309780484
10882232,41693123101121609490001499,52268152960274,64785667562617
10882236,41693123101121609490001499,52268152960274,64851538279483
10882241,41693123101121609490001499,52272455700099,64855848279483
10882421,41706583999323216559500891,52286113543974,64855848279483
10882431,41706583999323216559500891,52973026543974,64855848279483
10882434,41706583999323216559500891,52973026543974,64855944249083
10882441,41706583999323216559500891,53059404643403,64855944249083
10882457,41706583999323216559500891,53083502298601,64880077679341
10882463,41706583999323216559500891,53083502298601,64917090759341
10882521,41911517795702096544108430,53083502298601,65125556165830
10882575,42113366119036363184279677,53083502298601,65330995078844
10882628,42113366119036363184279677,53094670544991,65563083435408
10882638,42113366119036363184279677,53110784775565,65579224701316
10882639,42113366119036363184279677,53110784775565,65623424701316
10882648,42396073921648065509628989,53110784775565,65911403782750
10882712,42918735017863751784138793,53110784775565,66443204967104
10882748,43027553750056881364956001,53221395664615,66443204967104
10882795,43027553750056881364956001,53221395664615,66674621192457
10882821,43027553750056881364956001,53452442498740,66906037439848
10882839,43103425357418820909341817,53452442498740,66983265409848
10882846,43152601729184354831552941,53502442498740,66983265409848
10882848,43178727803958702175791944,53502442498740,67009865537652
10882911,43180698252019301717849773,53504446220267,67009865537652
10882917,43241151368181081712529970,53565925484791,67009865537652
10882954,43300140068745231208846827,53625925484791,67009865537652
10882963,43302067235812584764830682,53625925484791,67009865537652
10882974,43302067235812584764830682,53825925484791,67009865537652
10883013,43308931317439322191320190,53825925484791,67016857002527
10883061,43368537911763092652446846,53886512908361,67016857002527
10883074,43667353383511896571089158,53886512908361,67320804046041
10883099,43667353383511896571089158,53886512908361,67426047186041
10883155,43715617763116366895351150,53935574920285,67426047186041
10883201,43715773451887821029114289,54049094338999,67446043296041
10883206,43715773451887821029114289,54113563474553,67515008215604
10883246,43715773451887821029114289,54115363474553,67515008215604
10883250,43751563691362754453080709,54115363474553,67551438915604
10883253,43753286748748667358793052,54127369854553,67551438915604
10883268,43753286748748667358793052,54129584942992,67551438915604
10883308,43793113241629761799981424,54129584942992,67591982315604
10883317,43793113241629761799981424,54129584942992,67834032395604
10883345,43793113241629761799981424,54129584942992,67862623422705
10883361,43793113241629761799981424,54406407662992,67862623422705
10883449,43793113241629761799981424,54407409364931,67863626649170
10883451,43793113241629761799981424,54416549254931,67863626649170
10883477,44235908241629761799981424,54866309335931,67863626649170
10883484,44235908241629761799981424,54885812844087,67883162054398
10883488,44235908241629761799981424,55068812844087,67883162054398
10883577,44236700758497573929814740,55068812844087,67883968246373
10883603,44241700758512675580326696,55068812844087,67889050426867
10883664,44251542813457626577732687,55078812844087,67889050426867
10883692,44276146862039571968432366,55103812844087,67889050426867
10883706,44276936693446802593269489,55103812844087,67889853298161
10883709,44318457327663844686839744,55103812844087,67932095462742
10883728,44318457327663844686839744,55103812844087,68077402972742
10883746,44318457327663844686839744,55334862771851,68077402972742
10883761,44383095547091198705873928,55670182561851,68863648721342
10883804,44383095547091198705873928,55750682561851,68863648721342
10883828,44383095547091198705873928,55898751490237,69011837498388
10883851,44383095547091198705873928,55921777336531,69011837498388
10883873,44586049084110970235799199,55921777336531,69218487304771
10883958,44586049084110970235799199,55921777336531,69313059124771
10883979,44867178276488408887246688,55921777336531,69599516763866
10883991,44873575787545033755719024,55928290164506,69599516763866
10884000,44873575787545033755719024,55943485701913,69614726286456
10884097,45263575787545033755719024,55943485701913,70011744365297
10884216,45279172315209309423095354,55959348141272,70011744365297
10884269,45319677888879037127247847,55959348141272,70052993224173
10884288,45381592796031745571762829,55959348141272,70116053201373
10884289,45381592796031745571762829,56078348141272,70235148380832
10884291,45381592796031745571762829,56906183621272,70238001546077
10884299,45381592796031745571762829,56942494968254,70274362300636
10884311,45381592796031745571762829,56942494968254,70274462300636
10884360,45381592796031745571762829,56942494968254,70274562267070
10884386,45381592796031745571762829,57109898218254,70274562267070
10884396,45381592796031745571762829,57109898218254,71274642267070
10884410,45381592796031745571762829,57109898218254,71448183793320
10884457,45381592796031745571762829,57136762535990,71448183793320
10884464,45459109581123942069829948,57136762535990,71527205961043
10884464,45459109581123942069829948,57136762535990,71527205961043
10884486,45459447573103912707355668,57137647857478,71528192936696
10884494,45459448573103912707355668,57137648855935,71528193936696
10884498,45659448572831031809986726,57335648855935,71528193936696
10884499,45773898853998928396103497,57335648855935,71644851448775
10884502,45774235845978899033629217,57335991745226,71645837424428
10884532,45774235845978899033629217,57360844631306,71646870424428
10884558,45774235845978899033629217,57521723355540,71807999052601
10884571,45782513235869660850181836,57543316169424,71832185787573
10884593,45782889710978339019243167,57543316169424,71832185787573
10884634,45865094985133879135767263,57627034754574,71832185787573
10884837,45865686194033054380011754,57627034754574,71832788658873
10884839,45974944391696625389816949,57627034754574,71832788658873
10884853,46475878543998905638320517,57627034754574,72343855323692
10884902,46476469752898080882565008,57627034754574,72344458472468
10884964,46476469752898080882565008,57812291214574,72344458472468
10884990,46484369752898080882565008,57820340934048,72344458472468
10884993,46484369752898080882565008,57860340934048,72344458472468
10885008,46484960462414643596956148,57860340934048,72345061621244
10885009,46484960462414643596956148,57860340934048,72422214709530
10885060,46511490733420879619801547,57887373901203,72422214709530
10885172,46511490733420879619801547,58892730081203,72422214709530
10885191,46511490733420879619801547,58918730081203,72422214709530
10885245,46511490733420879619801547,58919179801203,72659757629530
10885285,46515403690087790582385292,58919179801203,72663754629530
10885348,46516400035254880518029085,58919179801203,72663754629530
10885353,46516400035254880518029085,58919179801203,74520350429530
10885355,46516400035254880518029085,58919219801203,74520390474847
10885359,46846626748766894877397089,58919219801203,74858269971555
10885360,46846626748766894877397089,59189798574879,75129162885750
10885365,46847626748766894877397089,59189798574879,75129162885750
10885434,46847626748766894877397089,59189798574879,75372726791323
10885460,46869385900081479053244557,59189798574879,75395005458984
10885467,46869385900081479053244557,59189798575409,75395005463756
10885543,46993413675849998213634505,59232515901299,75484547713756
10885545,46993413675849998213634505,59272515901299,75524593816883
10885621,46993413675849998213634505,59289077461299,75524593816883
10885646,47020580984620106831275992,59316844687558,75524593816883
10885653,47022534680732585786964710,59316844687558,75526593816883
10885705,47454888350070124384265665,60175535237558,76550422083403
10885707,47565791616579526354025234,60288874802718,76550422083403
10885718,47565791616579526354025234,60344294802718,76605902906479
10885729,47574539981647532120133298,60344294802718,76614858648651
10885733,47594707601647532120133298,60344294802718,76614858648651
10885759,47602690878421902042784050,60344294802718,76614858648651
10885902,47602690878421902042784050,60359368727874,76614858648651
10885956,47604644678539993336804297,60359368727874,76616858648651
10885982,48733548181862375901352535,63580843811635,80303979693323
10886041,48742213581689129995292616,63580843811635,80303979693323
10886050,48838447581689129995292616,63580843811635,80402390546239
10886090,48933877581689129995292616,63580843811635,80499944875547
10886108,49082317635074688792337349,63732306962896,80499944875547
10886130,49082317635074688792337349,63749437709111,80499944875547
10886136,49082317635074688792337349,63760719684045,80499944875547
10886138,49094725702264878322033173,63773376967153,80499944875547
10886144,49111842272491055532175236,63773376967153,80517444875547
10886239,49114182552491055532175236,63773376967153,80675444875547
10886257,49114183531934450638988427,63773377967153,80675444875547
10886264,49156600594880666668113310,63816688457820,80675444875547
10886279,49158173594789201638099240,63816688457820,80803444875547
10886294,49158173594789201638099240,63816688457820,80858992475547
10886338,49352103073128753184205736,63816688457820,81057113115348
10886374,49441908073128753184205736,63908452731603,81148788887575
10886378,49441908073128753184205736,63940037831603,81148788887575
10886399,49530736073128753184205736,63940037831603,81239441435106
10886485,49598316490448911874446767,63940037831603,81239441435106
10886499,49598316490448911874446767,64023585300832,81271998005106
10886552,49598316490448911874446767,64023585300832,81306994005106
10886555,49599499832170562757715537,64023585300832,81308202310670
10886564,49599499832170562757715537,64028929796625,81308202310670
10886568,49599499832170562757715537,64288421792992,81308202310670
10886585,49599499832170562757715537,64447655119960,81308202310670
10886596,49599499832170562757715537,64458364977605,81318921985400
10886604,49599499832170562757715537,64601082157605,81318921985400
10886613,49684619832170562757715537,64601082157605,81405771108270
10886650,50047119832183599209698242,64970227373942,81405771108270
10886670,51047119832183599209698242,64970227373942,102431884334314
10886672,51047119832183599209698242,66970227373942,104437832901849
10886673,51047119832183599209698242,68970227373942,106441897657762
10886674,51131319832183599209698242,68970227373942,106527954522380
10886677,51282112038805690347861251,68970227373942,106682019776051
10886697,51438628202789706312985244,68970227373942,106842062576051
10886711,51438628202789706312985244,69170227373942,107042365330648
10886724,51784286443067316698282407,69170227373942,107395417009860
10886748,51784286443067316698282407,69237987697197,107463269875762
10886801,51865866443067316698282407,69237987697197,107546543904512
10886828,51871539813067316698282407,69288445247197,107546543904512
10886872,51881427400048360471295822,69288445247197,107556643904512
10886935,51970052400048360471295822,69288445247197,107647090807527
10886938,51970052400048360471295822,69291497809669,107650149783245
10886999,52057771400048360471295822,69291497809669,107739651037741
10887075,52404876400048360471295822,69291497809669,108093608332636
10887102,52552127265716371469424205,69441497809669,108093608332636
10887119,52552127265716371469424205,69953497809669,108606147711412
10887229,52635983265716371469424205,69953497809669,108691630695559
10887261,53116983265716371469424205,69953497809669,109181622433918
10887283,53116983265716371469424205,70033055635662,109181622433918
10887376,53116983265716371469424205,70433055635662,109581905868444
10887402,53215212755531783540586978,70533045635662,109581905868444
10887433,53265988030681436686604888,70584739906670,109581905868444
10887496,54265988030681436686604888,70584739906670,110599109329406
10887587,54278809876498249866736978,70584739906670,110612148277929
10887706,54882079976393890825432238,70584739906670,110612148277929
10887766,54882079976393890825432238,70588316999981,110615726736735
10887946,55430329976393890825432238,71145220836090,110615726736735
10887992,55430329976393890825432238,71188086660635,110658613272285
10888062,55430329976393890825432238,71299108647283,110769779396592
10888163,55430777456393890825432238,71301982915537,110774045716592
10888182,55583363772750350614254856,71457035179672,110774045716592
10888236,55583363772750350614254856,71467035179672,110774045716592
10888289,55583363772750350614254856,71467035179672,110824666165392
10888351,55596488997372988920471427,71480375018494,110824666165392
10888352,55679609449424862302974894,71564863130975,110824666165392
10888353,56065709449424862302974894,71564863130975,111217025277185
10888377,56065709449424862302974894,71564863130975,111433897123017
10888566,56073585208505865763607587,71572863130975,111433897123017
10888590,56075900787327267153505455,71575215262274,111433897123017
10888654,56075900787327267153505455,71578717754163,111437403638503
10888686,56077989124290158953324702,71578741364163,111437403638503
10888742,56115031204290158953324702,71763379864163,111437403638503
10888780,56115031204290158953324702,71904587733875,111437403638503
10888789,56128165516721592135758003,71917930547259,111437403638503
10888893,56128165516721592135758003,71917930547259,111438584424875
10888925,56169016573943952813303343,71940793267259,111494352184875
10888995,56169016573943952813303343,71943460139656,111497021947843
10888996,56169016573943952813303343,71953456934986,111497021947843
10889026,56317630760980577151441476,71953456934986,111648117044595
10889027,56317630760980577151441476,71953456934986,111688247204595
10889068,56392630760980577141441476,71953456934986,111688247204595
10889127,56416166016796092878031145,71977375330016,111688247204595
10889130,56416166016796092878031145,71979994130830,111690866837482
10889139,56416166016796092878031145,72214773630833,111925920266382
10889145,56416166016796092878031145,72385273630832,111925920266382
10889148,56653716209809954576908771,72385273630832,112167598293342
10889165,57654152221763791558618276,72385273630832,113186835383863
10889188,57654152221763791558618276,72385273630832,113189126479605
10889204,57654686730264321558618276,72385817823186,113189126479605
10889212,63074445660264321558618276,85788288973186,127452474615946
10889220,63079463705538710370084096,85793398360985,127452474615946
10889267,63157612154203052467286643,85793398360985,127532128424608
10889273,63162956183223278084124136,85798840440985,127532128424608
10889320,63162956183223278084124136,85798840440985,127682974174608
10889332,63162956183223278084124136,85798840440985,127935699414608
10889337,63162956183223278084124136,85798840440985,128951263234608
10889338,63373905202831121221379038,85798840440985,129166188205432
10889349,63581467937762493770398646,85798840440985,129377580123713
10889360,63581467937762493770398646,85808659590985,129377580123713
10889361,63581467937762493770398646,86308659590985,129377580123713
10889362,63581467937762493770398646,86499388481755,129377580123713
10889402,63581467937762493770398646,86646775950870,129377580123713
10889416,63592402387762493770398646,86849855112891,129377580123713
10889428,63618841817762493770398646,87022530912891,129639688493713
10889433,63618841817762493770398646,87046335822891,129664852043709
10889444,63618841817762493770398646,87132729587702,129664852043709
10889461,64368841817762493770398646,87132729587702,130428167866408
10889461,64368841817762493770398646,87132729587702,130428167866408
10889480,64396874674363978723110889,87132729587702,130428167866408
10889487,64396874674363978723110889,87132729587702,131317057175322
10889492,64396874674363978723110889,87262729587702,131317057175322
10889568,64396874674363978723110889,88209943655469,131317057175322
10889581,64396874674363978723110889,88209943655469,131884394661663
10889598,64396874674363978723110889,88232013697240,131906490661663
10889612,64396874674363978723110889,88232013697240,132156381857943
10889626,64625281908599272840757948,88232013697240,132388719278438
10889633,64625281908599272840757948,88351773427240,132397719278438
10889647,64625281908599272840757948,88351966484843,132434768418438
10889654,64625281908599272840757948,88351966484843,133025584998438
10889662,64625281908599272840757948,88354084469258,133027703946085
10889693,64625281908599272840757948,88360645799258,133027703946085
10889695,64625281908599272840757948,88371618179258,133027703946085
10889721,64859810214285547350561870,88371618179258,133266229472802
10889724,64860893621509803143629386,88372719825635,133266229472802
10889734,64860893621509803143629386,88375344652932,133268855380309
10889759,64873862055010513391136370,88388520740509,133268855380309
10889777,64873862055010513391136370,88542420740509,133268855380309
10889840,64873862055010513391136370,89233366270509,133547818658323
10889853,64873862055010513391136370,89233366270509,134587818658323
10889860,64873862055010513391136370,89240500066853,134594955860713
10889907,65326156268304631038195194,89240500066853,135054951717898
10889928,65326156268304631038195194,89240500066853,135080969457898
10889970,65507028315383062410744214,89240500066853,135264828937626
10889977,65507028315383062410744214,91026007226853,135264828937626
10890009,65798538798236003587214802,91322159602039,135264828937626
10890027,65798538798236003587214802,91337159602039,135264828937626
10890039,66492908108236003587214802,92618208577332,136869639927626
10890053,66984671388236003587214802,92618208577332,136869639927626
10890058,67198724772313169680836586,92835666622524,136869639927626
10890064,67198724772313169680836586,92835666622524,139867365567626
10890088,67198724772313169680836586,92845666622524,139867365567626
10890090,67252823027920621935661542,92845666622524,139867365567626
10890143,67267122524593351898645340,93187147070136,139867365567626
10890163,68754147829509760612365066,93187147070136,140630712668481
10890164,68935018489153948370094308,93371064902386,140630712668481
10890168,68935018489153948370094308,93371064902386,144239139485485
10890171,68935018489153948370094308,94218176968329,145087087166815
10890180,72023966278710432696592877,102125320675630,154007771593599
10890200,72023966278710432696592877,102298268351701,154007771593599
10890207,72209386278710432696592877,102486803389626,154007771593599
10890211,72209386278710432696592877,102486803389626,154157771593599
10890228,72709386278710432696592877,102486803389626,154666532241837
10890229,72882476226004550343651701,102486803389626,154842553415767
10890242,73017046410262294723204475,102486803389626,154979367529866
10890257,73017046410262294723204475,102486803389626,156349266678552
10890260,73017137410262294723204475,102486895790418,156522464355758
10890262,73089496057358416965584208,102486895790418,156522799225758
10890288,73268627016044691475388130,102486895790418,156704885501907
10890310,73278787016044691475388130,102497208513384,156704885501907
10890349,73278787016044691475388130,102497208513384,156835682917782
10890360,73278787016044691475388130,102499988017972,156838464850226
10890365,73428787016044691475388130,103049988017972,156838464850226
10890376,73428787016044691475388130,103049988017972,157843464850226
10890378,73428787016044691475388130,104192550393217,158987100660083
10890384,73482859494344691475388130,104247451176625,158987100660083
10890392,73482859494344691475388130,104247451176625,160404100658838
10890397,73482859494344691475388130,105309690606478,161467201833202
10890398,73482859494344691475388130,105309690606478,161472033333202
10890399,73689859301266260102839110,105309690606478,161682464152129
10890436,73705335817577422989081586,105325405016268,161682464152129
10890455,73940156909679079216892839,105563789078233,161682464152129
10890465,74142378307384523714673842,105563789078233,161682464152129
10890468,74329864910453151165654234,105563789078233,161872886242939
10890482,74329864910453151165654234,106272925406010,161872886242939
10890494,74329864910453151165654234,106272925406010,161873568862902
10890502,74388863097990440696330487,106272925406010,161923575492902
10890534,74388863097990440696330487,110272925406010,161923575492902
10890552,74570191264362989715938330,110457112596707,161923575492902
10890555,74570191264362989715938330,111196455896707,166412388071616
10890556,75085574525284558343389310,111196455896707,166936564613813
10890557,75212569147912009323781467,111196455896707,167065661696124
10890566,75212569147912009323781467,111196455896707,167165661696124
10890573,75227332647912009323781467,111234424636707,167204659736124
10890611,75227938697912009323781467,111237040646707,167204659736124
10890634,75227938697912009323781467,111237040646707,167684604796078
10890636,75497031609274754421820683,111237040646707,167958119146696
10890637,77497031609274754421820683,135284615054644,185958119146696
10890641,79018463338323774029663820,136837358061587,185958119146696
10890642,79826655700627695598291271,137660692751867,185958119146696
10890646,80080116050392401480644212,137918705255748,185958119146696
10890658,80320653209637499519859898,137918705255748,186203070758715
10890679,80517328244753405022246078,138119004087458,186203070758715
10890716,80677328244753405022246078,138119004087458,186366002221337
10890745,81047557038547522669304902,138119004087458,186742878322875
10890748,81158557038547522669304902,138119004087458,186855834996727
10890778,81158557038547522669304902,138124171297458,186855834996727
10890790,81410640774353939766967503,138124171297458,187112591947844
10890793,81635766920773534431012974,138353400895723,187112591947844
10890838,82385766920773534431012974,138353400895723,187875840709495
10890846,82389843779625133260932858,138357548977733,187875840709495
10890876,83054009779625133260932858,138357548977733,187875840709495
10890940,83546592529148682328811924,138857859724927,187875840709495
10890942,83709347552080054877831532,139023104429129,187875840709495
10890945,83709347552080054877831532,139025506597777,187878243299199
10890989,83709347552080054877831532,139025506597777,188137598265228
10890994,83724101596148925061285003,139025506597777,188152598265228
10891002,83724101596148925061285003,139028210489568,188155302715417
10891023,83726957714650091435120207,139031112489568,188155302715417
10891046,83726957714650091435120207,139033439536411,188157630240679
10891072,84476957714650091435120207,139794556239865,188157630240679
10891098,84476957714650091435120207,139797114239865,188963391818516
10891115,85226957714650091435120207,139797114239865,189724551055293
10891185,85226957714650091435120207,139817904877287,189745364468900
10891194,85229397561228628641365066,139820378317358,189745364468900
10891323,85229397561228628641365066,139992370765404,189745364468900
10891351,85645555788022746288423890,139992370765404,190167463368545
10891368,85793222959444314915874870,140142009186299,190167463368545
10891377,85793322959444314915874870,140142110513752,190167463368545
10891401,86684403245778113534896182,141043877380391,190167463368545
10891403,92084403245778113534896182,146492910694708,190167463368545
10891404,94086078089952701566428200,148511941818879,190167463368545
10891406,94086078089952701566428200,149168014973714,190824078993116
10891409,96086078089952701566428200,149168014973714,192842289919741
10891414,96089142478055076664843118,149171104944767,192842289919741
10891421,96585742001773278541232445,149671374663080,192842289919741
10891424,96867822537400729521624602,149671374663080,193126666171718
10891475,97868343705597814153783584,149671374663080,194136355088858
10891479,98611920637621982620274539,150421374663080,194136355088858
10891485,99081752608521993596869728,150895450357889,194136355088858
10891489,99603615377047643251217945,151422200533694,194136355088858
10891518,99603615377047643251217945,151422200533694,194711984068858
10891519,99761986239466821773426278,151581952648515,194711984068858
10891556,99762172527429218100317006,151581952648515,194712172147401
10891633,99762172527429218100317006,151711952648515,194712172147401
10891682,99762172527429218100317006,152059569048515,194712172147401
10891690,99762172527429218100317006,153059569048515,206282680502145
10891696,100578399264171792357742749,153059569048515,207108016397024
10891711,100578409164372274430329170,153059579048515,208204821184795
10891719,100578419050216902142713663,153059579048515,208204831184795
10891758,100984840610216902142713663,153059579048515,208204831184795
10891782,100984840610216902142713663,153317684708239,208463200047599
10891849,100984840610216902142713663,153472062777717,208617728431338
10891851,100984840610216902142713663,153545142446153,208617728431338
10891893,100984840610216902142713663,153545142446153,210617579841338
10891905,100984840610216902142713663,154415792337218,211489153212126
10891913,100984840610216902142713663,154415792337218,212872758862126
10891920,101478391340216902142713663,154415792337218,213371646711046
10891930,102020033900123147472453298,154962944130751,213371646711046
10891936,102020033900123147472453298,154962944130751,213772000010896
10891960,102020033900123147472453298,154962944130751,214172217078832
10891977,102020033900123147472453298,155261022020751,214844747918832
10892022,102020033900123147472453298,155265644777210,214849375425598
10892046,102098304596905263296213080,155419247349707,215027226854278
10892053,102098304596905263296213080,155419247349707,216041344879833
10892088,102111477629156139669154811,155432557341002,216041344879833
10892092,102111477629156139669154811,155664508549303,216041344879833
10892107,102111477629156139669154811,156493941365830,216041344879833
10892141,102124647198826960685948606,156507245406055,216041344879833
10892162,102124647198826960685948606,157012339772524,216546937573780
10892163,102124647198826960685948606,157160608220683,216695341596416
10892252,102127301998826960685948606,157160608220683,216719118156416
10892266,102383766085635903264627358,157419734275604,216719118156416
10892269,102386612113072475787409265,157419734275604,216721997648526
10892271,102402446033327742075930928,157435734115602,216721997648526
10892282,102402455370956643661086212,157435743569488,216721997648526
10892307,102402455370956643661086212,157542998948264,217105678776458
10892319,102945088216231153465007781,157542998948264,217654194649998
10892338,102983106231942223707154951,157617186386016,217738499735298
10892361,102983106231942223707154951,157620680634822,217741999711889
10892371,102983106231942223707154951,157620680634822,217742191527197
10892393,103014782246331028627324283,157652680314821,217742191527197
10892397,103014782246331028627324283,157654939425475,217744454334575
10892420,103021884609769147297753766,157662114455760,217744454334575
10892465,103021884609769147297753766,157662114455760,217985053924300
10892467,103021894496674299747256181,157662114455760,217985063924300
10892496,104221894496674299747256181,157662114455760,219197325574729
10892499,104221894496674299747256181,157679180491085,219197325574729
10892522,104271421500175953037231261,157729180491085,219197325574729
10892573,104271421500175953037231261,157729180491085,219227445894729
10892587,104271426498543014467840277,157729185537279,219227445894729
10892616,104271426498543014467840277,157747185037279,219245457530197
10892624,104419838144434022339205020,157747185037279,219395457530197
10892698,104423344884060830004464527,157750725627391,219395457530197
10892715,104423344884060830004464527,157750725627391,219398440370197
10892719,104423344884060830004464527,157750725627391,219423788387096
10892746,104434745397291062109227925,157750725627391,219435311592485
10892776,104434745397291062109227925,157750725627391,219435406592485
10892795,104434745397291062109227925,157765373897391,219435406592485
10892821,104448086960417663228233900,157778844464871,219435406592485
10892842,106452069399845310359496801,159803596750377,219435406592485
10892854,106452069399845310359496801,159803596750377,219435598334325
10893087,106452069399845310359496801,159824596765790,219629584654325
10893121,106452069399845310359496801,159865293114813,219670333632306
10893128,106456744799845310359496801,159865293114813,219670333632306
10893144,106762244799845310359496801,160173900521705,219670333632306
10893155,107504569083030542099824217,160924496891820,219670333632306
10893173,108173069083030542099824217,161599923967048,219670333632306
10893188,108173069083030542099824217,162469734097048,220957319372147
10893199,108173139923030542099824217,162469734097048,221073269382147
10893208,108984889923030542099824217,163289670469601,221073269382147
10893272,108984889973030542099824217,163329172939601,221073269382147
10893326,109001387940865370413126878,163329172939601,221089946469725
10893355,109003529370865370413126878,163329172939601,221089946469725
10893372,109006544793025474258751348,163332220316586,221089946469725
10893410,109506544793025474258751348,163332220316586,221595284110564
10893484,118223381005360210313311258,163332220316586,230418809344798
10893485,120223466366732271324888315,163332220316586,232444041803991
10893487,120966059242142928966048767,164082935291492,232444041803991
10893509,120972759242142928966048767,164089706591411,232444041803991
10893510,121296358901350849758127975,164089706591411,232771495187829
10893512,121823644579780547379736769,164622384648673,232771495187829
10893570,121823674165097567379736769,164622927028673,232772653085545
10893594,122272945579958953518350630,164622927028673,233226992497428
10893598,123022945579958953518350630,164622927028673,233985129751794
10893609,123325894580057963419340729,164622927028673,234291254511865
10893613,123325894580057963419340729,164696661181000,234291254511865
10893614,123581169183786520112716957,164696661181000,234549155560350
10893623,124581169183786520112716957,164696661181000,235559031099318
10893647,125499527459113252785984284,165622508030968,235559031099318
10893677,125499527459113252785984284,165632917919077,235569457733254
10893678,125799691624543945549630929,165632917919077,235872620450058
10893684,125799691624543945549630929,165637631166269,235877341440788
10893716,125799691624543945549630929,165637631166269,236684734442324
10893739,125799691624543945549630929,165638529764291,236685634442324
10893785,125799691624543945549630929,165643029764291,236685634442324
10893793,126075635113951512436257476,165921418767187,236685634442324
10893827,126351843216116722293945252,166200121767187,236685634442324
10893880,126362385216116722293945252,166219745767187,236707647442324
10893900,126373385216116722293945252,166230837156116,236707647442324
10893951,126373385216116722293945252,166240618159013,236717443136138
10894006,126373385216116722293945252,168240618159013,236717443136138
10894013,126373385216116722293945252,168243083628877,236719911758591
10894027,126373385216116722293945252,168393083628877,236719911758591
10894049,126373762331303379554468381,168393083628877,236719911758591
10894087,126378764898375390543526824,168398133628877,236719911758591
10894097,126381964344523689267812447,168401360829784,236719911758591
10894118,127189755120553392238109477,169215954812563,236719911758591
10894220,127206574047791484030130667,169232911127028,236719911758591
10894246,127206574047791484030130667,169243870255108,236730876907795
10894356,127217173067657205582902801,169254564400488,236730876907795
10894373,127217210753491999387749184,169254564400488,236730914968006
10894433,127217210753491999387749184,169432564400488,236730914968006
10894441,129217210753491999387749184,169432564400488,238743850337134
10894442,131220308841152083151323057,169432564400488,240765252871922
10894443,133220308841152083151323057,171443290850483,240765252871922
10894444,135220308841152083151323057,173452181988720,240765252871922
10894446,137224702173847248920727659,175467100184410,240765252871922
10894449,137224702173847248920727659,176709017628640,242008443659720
10894451,139796250158884165848250756,179297157896784,242008443659720
